{"cameraMode":{"drawMode":0,"name":"Shaded","section":"Shading Mode"},"sceneLighting":true,"audioPlay":false,"sceneViewState":{"showFog":true,"showMaterialUpdate":false,"showSkybox":true,"showFlares":true,"showImageEffects":true,"showParticleSystems":true},"in2DMode":false,"pivot":{"x":31.55193328857422,"y":29.013397216796876,"z":-154.3258056640625},"rotation":{"x":0.0937252789735794,"y":-0.11532580852508545,"z":0.010933902114629746,"w":0.9888545870780945},"size":25.7293758392334,"orthographic":true}